视频名字,视频介绍,视频链接
一人之下 第2季,风起云涌罗天大醮,https://v.qq.com/x/cover/3enwc74hj562xjd.html
星辰变 第5季,万年与共，百战成神,https://v.qq.com/x/cover/mzc0020080umg58.html
一人之下 第1季,异人不老少女,https://v.qq.com/x/cover/0vjw392pdevdan3.html
欧布奥特曼 英雄传 普通话版,欧布奥特曼 再次归来,https://v.qq.com/x/cover/drcfmhwegbylndo.html
泰罗奥特曼,泰罗奥特曼,https://v.qq.com/x/cover/jru4jixrll5us91.html
精灵宝可梦 第1季,神奇宝贝无印篇,https://v.qq.com/x/cover/tyeqdw6rof7t5ow.html
精灵宝可梦 第4季,追寻梦想的冒险,https://v.qq.com/x/cover/hibacbz0801byjb.html
精灵宝可梦 太阳&月亮,夏天！海滩！新的冒险,https://v.qq.com/x/cover/8rbtcil5a2heb7d.html
赛罗奥特曼格斗 普通话版,赛罗大战怪兽,https://v.qq.com/x/cover/urhdc3oflg2qntw.html
精灵宝可梦 第2季,神奇宝贝超世代,https://v.qq.com/x/cover/9yfjl0rjm0l5tys.html
银河奥特曼S 普通话版,银河奥特曼新形态,https://v.qq.com/x/cover/hn3txmq5g47anwi.html
罗布奥特曼剧场版 决定了！羁绊的水晶 普通话版,三兄妹合体战怪兽,https://v.qq.com/x/cover/dnn8z7xfikwg7k6.html
艾斯奥特曼,艾斯奥特曼,https://v.qq.com/x/cover/ooh1egwqgup2dxi.html
精灵宝可梦 第3季,新伙伴新冒险,https://v.qq.com/x/cover/ulvcbmiwibeg2un.html
赛文奥特曼,赛文奥特曼,https://v.qq.com/x/cover/7rbeh1fevklt3d7.html
杰克奥特曼,杰克奥特曼,https://v.qq.com/x/cover/cu4q15d3rzebjgn.html
